{"user1": {"username": "user1", "password": "password1", "created": "2020-07-07 00:16:28.293901"}, "user2": {"username": "user2", "password": "password2", "created": "2020-07-07 00:28:07.315781"}, "\tPeter": {"username": "\tPeter", "password": "Passworf", "created": "2021-01-14 $H-10-56"}, "peter": {"username": "peter", "password": "Password", "created": "2021-01-14 $H-18-53"}, "HELLO": {"username": "HELLO", "password": "Password", "created": "2021-01-14 $H-23-17"}, "JJJ": {"username": "JJJ", "password": "KKKKK", "created": "2021-01-14 $H-23-52"}, "SS": {"username": "SS", "password": "SS", "created": "2021-01-14 $H-27-39"}, "YYin": {"username": "YYin", "password": "sss", "created": "2021-01-14 $H-54-01"}, "kevin": {"username": "kevin", "password": "Liberty", "created": "2021-01-14 $H-57-00"}, "Emmerson": {"username": "Emmerson", "password": "Password", "created": "2021-01-14 $H-58-28"}, "Belle": {"username": "Belle", "password": "Password", "created": "2021-01-14 $H-59-52"}, "": {"username": "", "password": "", "created": "2021-01-14 $H-15-15"}, "Yingwei": {"username": "Yingwei", "password": "Liu", "created": "2021-01-17 $H-08-31"}}